Business Units,Depicts business units and underlying capabilities,Business Unit,Department,Capability,Time,Cost,All,Gap,Competitive,Differentiated,New 20%,Automate,Outsource,Invest,Leave,Execution,Compliance,Revenue,Market Insight,Customer Cares,Infor ERP,CRM,EAM,Field Service,PLM,Supply Chain,Sales and Ops
,,Industrial Manufacturing,Sales & Marketing,Consumer Segmentation,4,10931, ,,x,,,,x,,,x,,,,,x,x,x,x,x,x,x
,,Industrial Manufacturing,Sales & Marketing,Quotes,4,10931, ,x,,,,x,,,,,,,,,,,,,,,
,,Industrial Manufacturing,Sales & Marketing,Cross-Sell,10,27328, ,x,,,,x,,,,,x,,,,x,, ,,, ,
,,Industrial Manufacturing,Sales & Marketing,Promotions,12,32794, ,x,,,,x,,,,,x,,,,,x,,,x,,
,,Industrial Manufacturing,Sales & Marketing,Target Marketing,5,13664, ,,x,,,,x,,,,,x,,,, , , , , , 
,,Industrial Manufacturing,Sales & Marketing,Counter Sales,100,310240, ,x,,,,x,,,,,,x,,,x, ,,x, ,,x
,,Industrial Manufacturing,Sales & Marketing,Inside Sales,10,27328,,,,,x,,,,x,,,,x,,x,,x,,,x,
,,Industrial Manufacturing,Sales & Marketing,eCommerce,100,244420,,,,,x,,,,x,,,,x,,, ,,x, ,,x
,,Industrial Manufacturing,Sales & Marketing,Field Sales,20,54656,,,,,x,,,,x,,,,,x,x,,x,,,x,
,,Industrial Manufacturing,Product Engineering,Design and Demand Mgt,56,153037,,,,x,,,,x,,,,,,x,, ,,x, ,,x
,,Industrial Manufacturing,Product Engineering,R&D,4,10931,,,,,x,,,,x,,,,x,,x, , ,, , ,
,,Industrial Manufacturing,Product Engineering,Prototyping,4,10931,,,,,x,,,,x,,,x,,,x,,,,,,
,,Industrial Manufacturing,Asset Mgt,IoT,8,21862,,,,x,,,,x,,,x,,,,, , ,, , ,
,,Industrial Manufacturing,Asset Mgt,Monitoring,47,128442,,,,x,,,,x,,x,,,,,,, ,x,, ,x
,,Industrial Manufacturing,Program Mgt,Monitoring,48,131174,,,,x,,,,x,,x,,,,,x,, ,x,, ,x
,,Industrial Manufacturing,Program Mgt,Planning,8,21862,,,,x,,,,x,,,x,,,,,x, ,,x, ,
,,Industrial Manufacturing,Supply Chain Planning,Demand Forecasting,35,95648,,,,,x,,,,x,,,x,,,, ,,x, ,,x
,,Industrial Manufacturing,Supply Chain Planning,Logistics Mgt,2,9739,,,x,,,,x,,,,,,x,,x,x,x,,x,x,
,,Industrial Manufacturing,Supply Chain Planning,Sourcing,49,5942,,,x,,,,x,,,,x,,,,x,, , ,, , 
,,Industrial Manufacturing,Production,Planning,12,1158,,,x,,,,x,,,,,x,,,, ,, , ,, 
,,Industrial Manufacturing,Production,Quality Mgt,33,7847,,x,,,,x,,,,,x,,,,,,x, ,,x, 
,,Industrial Manufacturing,Production,Risk Monitoring,8,8258,,x,,,,x,,,,x,,,,,x,, , ,, , 
,,Industrial Manufacturing,Distribution & Warehousing,Automation,50,6501,,x,,,,x,,,,,,x,,,,x, ,,x, ,
,,Industrial Manufacturing,Distribution & Warehousing,Order Filfillment,100,271833,,,x,,,,x,,,,,x,,,x, ,, , ,, 
,,Industrial Manufacturing,Distribution & Warehousing,Transportation Mgt,10,27328,,x,,,,x,,,,,,,x,,x,,x,,,x,
,,Industrial Manufacturing,Distribution & Warehousing,Receiving,100,273280,,x,,,,x,,,,,,,x,,, ,,x, ,,x
,,Industrial Manufacturing,Distribution & Warehousing,Returns & Reclamations,20,54656,,x,,,,x,,,,,,,,x,x,,x,,,x,
,,Industrial Manufacturing,Distribution & Warehousing,Mobile,56,153037,,x,,,,x,,,,,,,,x,,x,,x,x,,x
,,Industrial Manufacturing,Logistics,Planning,4,10931,,,x,,,,x,,,,,,x,,x,x, ,,x, ,
,,Industrial Manufacturing,Logistics,Monitoring,4,10931,,,,,x,,,,x,,,x,,,x,,,,,,
,,Industrial Manufacturing,After Market Service,Returns & Reclamations,8,21862,,,,,x,,,,x,,x,,,,,x,x,,x,x,
,,Industrial Manufacturing,After Market Service,Pricing,47,128442,,,,,x,,,,x,x,,,,,,, ,x,, ,x
,,Industrial Manufacturing,After Market Service,Rebates,4,10931,,,,x,,,,x,,,,,x,,x,x, ,,x, ,
,,Industrial Manufacturing,After Market Service,New Sales,4,10931,,,,x,,,,x,,,,x,,,x,,,,,,
,,F&B Protein,Sales & Marketing,Consumer Segmentation,50,10000,,,,x,,,,x,,x,,,,,x,x,x,x,x,x,x
,,F&B Protein,Sales & Marketing,Customer Relationship Strategy ,50,10000,,,,,x,,,,x,x,,,,,, ,,x, ,,x
,,F&B Protein,Sales & Marketing,Marketing Strategy & Planning,50,10000,,,,x,,,,x,,,x,,,,x,, ,,, ,
,,F&B Protein,Sales & Marketing,Customer Behavior Modeling,50,10000,,,,x,,,,x,,,x,,,,,x,,,x,,
,,F&B Protein,Sales & Marketing,Market & Competitor Research,50,10000,,,,x,,,,x,,,,x,,,, , , , , , 
,,F&B Protein,Sales & Marketing,Customer Satisfaction Measurement & Management,50,10000,,,,x,,,,x,,,,x,,,x, ,,x, ,,x
,,F&B Protein,Sales & Marketing,Segmentation Management,50,10000,,,,,x,,,,x,,,,x,,x,,x,,,x,
,,F&B Protein,Sales & Marketing,Clientelling,50,10000,,,,,x,,,,x,,,,x,,, ,,x, ,,x
,,F&B Protein,Sales & Marketing,Call Center,50,10000,,,,,x,,,,x,,,,,x,x,,x,,,x,
,,F&B Protein,Sales & Marketing,Campaign Management,50,10000,,,,x,,,,x,,,,,,x,, ,,x, ,,x
,,F&B Protein,Sales & Marketing,Customer Service,25,10000,,,,x,,,,x,,,,,x,,x, , ,, , ,
,,F&B Protein,R&D,Formulate Dev,50,10000,,,,x,,,,x,,x,,,,,x,x,x,x,x,x,x
,,F&B Protein,R&D,Prototyping,50,10000,,,,x,,,,x,,x,,,,,, ,,x, ,,x
,,F&B Protein,R&D,Blending,50,10000,,,x,,,,x,,,,x,,,,x,, ,,, ,
,,F&B Protein,Category Mgt,Design,25,10000,,,x,,,,x,,,,x,,,,,x,,,x,,
,,F&B Protein,Category Mgt,Segmentation ,25,10000,,,x,,,,x,,,,,x,,,, , , , , , 
,,F&B Protein,Category Mgt,Pricing,25,10000,,x,,,,x,,,,,,x,,,x, ,,x, ,,x
,,F&B Protein,Formula,Design,50,10000,,x,,,,x,,,,,,,x,,x,,x,,,x,
,,F&B Protein,Formula,Test,50,10000,,x,,,,x,,,,,,,x,,, ,,x, ,,x
,,F&B Protein,Formula,Prototype,50,10000,,,x,,,,x,,,,,,,x,x,,x,,,x,
,,F&B Protein,Formula,Ingredients,50,10000,,x,,,,x,,,,,,,,x,, ,,x, ,,x
,,F&B Protein,Packaging,Design,25,10000,,x,,,,x,,,,,,,x,,x, , ,, , ,
,,F&B Protein,Packaging,Source,50,10000,,x,,,,x,,,,x,,,,,x,x,x,x,x,x,x
,,F&B Protein,Packaging,Price,50,10000,,x,,,,x,,,,x,,,,,, ,,x, ,,x
,,F&B Protein,Farm,Farm Supply Chain,50,10000,,,x,,,,x,,,,x,,,,x,, ,,, ,
,,F&B Protein,Farm,Planning,50,10000,,,,,x,,,,x,,x,,,,,x,,,x,,
,,F&B Protein,Farm,Health Maintenance,50,10000,,,,,x,,,,x,,,x,,,, , , , , , 
,,F&B Protein,Distribution & Warehousing,Food Service,50,10000,,,,,x,,,,x,,,x,,,x, ,,x, ,,x
,,F&B Protein,Distribution & Warehousing,Retail,50,10000,,,,x,,,,x,,,,,x,,x,,x,,,x,
,,F&B Protein,Distribution & Warehousing,Other Manuf,50,10000,,,,x,,,,x,,,,,x,,, ,,x, ,,x
,,F&B Protein,Distribution & Warehousing,Supplier Performance Management,50,10000,,,,x,,,,x,,,,,,x,x,,x,,,x,
,,F&B Protein,Distribution & Warehousing,In-bound Logistics,50,10000,,,,,x,,,,x,,,,,x,, ,,x, ,,x
,,F&B Protein,Distribution & Warehousing,Instra-company & Outbound Logistics,50,10000,,,,x,,,,x,,,,,x,,x, , ,, , ,
,,F&B Protein,Distribution & Warehousing,Transportation/Fleet Management,50,10000,,,,x,,,,x,,x,,,,,x,x,x,x,x,x,x
,,F&B Protein,Distribution & Warehousing,Warehouse Management,50,10000,,,,x,,,,x,,x,,,,,, ,,x, ,,x
,,F&B Protein,Distribution & Warehousing,Distribution Center Operations,50,10000,,,,x,,,,x,,,x,,,,x,, ,,, ,
,,F&B Protein,Distribution & Warehousing,Yard Management,50,10000,,,,,x,,,,x,,x,,,,,x,,,x,,
,,F&B Protein,Distribution & Warehousing,Returns & Reclamations,50,10000,,,x,,,,x,,,,,x,,,, , , , , , 
,,F&B Protein,Distribution & Warehousing,Product Track & Trace,50,10000,,,x,,,,x,,,,,x,,,x, ,,x, ,,x
,,F&B Protein,Distribution & Warehousing,Transportation/Fleet Operations,50,10000,,,x,,,,x,,,,,,x,,x,,x,,,x,
,,F&B Dairy,Sales & Marketing,Consumer Segmentation,50,10000,,x,,,,x,,,,,x,,,,,x,x,,x,x,
,,F&B Dairy,Sales & Marketing,Customer Relationship Strategy ,50,10000,,x,,,,x,,,,x,,,,,,, ,x,, ,x
,,F&B Dairy,Sales & Marketing,Marketing Strategy & Planning,100,50000,,x,,,,x,,,,,,,x,,x,x, ,,x, ,
,,F&B Dairy,Sales & Marketing,Customer Behavior Modeling,50,10000,,,x,,,,x,,,,,x,,,x,,,,,,
,,F&B Dairy,Sales & Marketing,Market & Competitor Research,50,10000,,x,,,,x,,,,x,,,,,x,x,x,x,x,x,x
,,F&B Dairy,Sales & Marketing,Customer Satisfaction Measurement & Management,50,10000,,x,,,,x,,,,x,,,,,, ,,x, ,,x
,,F&B Dairy,Sales & Marketing,Segmentation Management,50,10000,,x,,,,x,,,,,x,,,,x,, ,,, ,
,,F&B Dairy,Sales & Marketing,Call Center,50,10000,,x,,,,x,,,,,x,,,,,x,,,x,,
,,F&B Dairy,Sales & Marketing,Campaign Management,50,10000,,,x,,,,x,,,,x,,,,,x,x,,x,x,
,,F&B Dairy,Sales & Marketing,Customer Service,25,10000,,,,,x,,,,x,x,,,,,,, ,x,, ,x
,,F&B Dairy,R&D,Formulate Dev,50,10000,,,,,x,,,,x,,,,x,,x,x, ,,x, ,
,,F&B Dairy,R&D,Prototyping,50,10000,,,,,x,,,,x,,,x,,,x,,,,,,
,,F&B Dairy,R&D,Blending,300,125000,,,,x,,,,x,,x,,,,,x,x,x,x,x,x,x
,,F&B Dairy,Product Line Mgt,Design,50,10000,,,,x,,,,x,,x,,,,,, ,,x, ,,x
,,F&B Dairy,Product Line Mgt,Logistics Mgt,50,10000,,,,x,,,,x,,,x,,,,x,, ,,, ,
,,F&B Dairy,Product Line Mgt,Quality Assessment,50,10000,,,,,x,,,,x,,x,,,,,x,,,x,,
,,F&B Dairy,Planning,Forecast,25,10000,,,,x,,,,x,,,x,,,,,x,x,,x,x,
,,F&B Dairy,Planning,Pricing,25,10000,,,,x,,,,x,,x,,,,,,, ,x,, ,x
,,F&B Dairy,Planning,Demand Planning,50,10000,,,,x,,,,x,,,,,x,,x,x, ,,x, ,
,,F&B Dairy,Food Service,Retail,50,10000,,,,x,,,,x,,,,x,,,x,,,,,,
,,F&B Dairy,Food Service,Delivery,50,10000,,,,,x,,,,x,x,,,,,x,x,x,x,x,x,x
,,F&B Dairy,Food Service,Other Mgt,50,10000,,,x,,,,x,,,x,,,,,, ,,x, ,,x
,,F&B Dairy,Farm,Farm Supply Chain,500,225000,,,x,,,,x,,,,x,,,,x,, ,,, ,
,,F&B Dairy,Farm,Planning,50,10000,,,x,,,,x,,,,x,,,,,x,,,x,,
,,F&B Dairy,Farm,Health Maintenance,250,225000,,x,,,,x,,,,,x,,,,,x,x,,x,x,
,,F&B Dairy,Manufacturing & Quality,Design,50,10000,,x,,,,x,,,,x,,,,,,, ,x,, ,x
,,F&B Dairy,Manufacturing & Quality,Test,50,10000,,x,,,,x,,,,,,,x,,x,x, ,,x, ,
,,F&B Dairy,Manufacturing & Quality,Prototype,50,10000,,,x,,,,x,,,,,x,,,x,,,,,,
,,F&B Dairy,Manufacturing & Quality,Ingredients,50,10000,,x,,,,x,,,,x,,,,,x,x,x,x,x,x,x
,,F&B Dairy,Packaging,Fluid Milk,25,10000,,x,,,,x,,,,x,,,,,, ,,x, ,,x
,,F&B Dairy,Packaging,Ice Cream,50,10000,,x,,,,x,,,,,x,,,,x,, ,,, ,
,,F&B Dairy,Packaging,Cheese,50,10000,,x,,,,x,,,,,x,,,,,x,,,x,,
,,F&B Dairy,Packaging,Milk Powder,50,10000,,,x,,,,x,,,,x,,,,,x,x,,x,x,
,,F&B Dairy,Packaging,Yogurt,50,10000,,,,,x,,,,x,x,,,,,,, ,x,, ,x
,,F&B Dairy,Distribution & Warehousing,Food Service,50,10000,,,,,x,,,,x,,,,x,,x,x, ,,x, ,
,,F&B Dairy,Distribution & Warehousing,Retail,50,10000,,,,,x,,,,x,,,x,,,x,,,,,,
,,F&B Dairy,Distribution & Warehousing,Other Manuf,50,10000,,,,x,,,,x,,x,,,,,x,x,x,x,x,x,x
,,F&B Dairy,Distribution & Warehousing,Supplier Performance Management,50,10000,,,,x,,,,x,,x,,,,,, ,,x, ,,x
,,F&B Dairy,Distribution & Warehousing,In-bound Logistics,50,10000,,,,x,,,,x,,,x,,,,x,, ,,, ,
,,F&B Dairy,Distribution & Warehousing,Instra-company & Outbound Logistics,50,10000,,,,,x,,,,x,,x,,,,,x,,,x,,
,,F&B Dairy,Distribution & Warehousing,Transportation/Fleet Management,50,10000,,,,x,,,,x,,,x,,,,,x,x,,x,x,
,,F&B Dairy,Distribution & Warehousing,Warehouse Management,50,10000,,,,x,,,,x,,x,,,,,,, ,x,, ,x
,,F&B Dairy,Distribution & Warehousing,Distribution Center Operations,50,10000,,,,x,,,,x,,,,,x,,x,x, ,,x, ,
,,F&B Dairy,Distribution & Warehousing,Yard Management,50,10000,,,,x,,,,x,,,,x,,,x,,,,,,
,,F&B Dairy,Distribution & Warehousing,Returns & Reclamations,50,10000,,,,,x,,,,x,x,,,,,x,x,x,x,x,x,x
,,F&B Dairy,Distribution & Warehousing,Product Track & Trace,50,10000,,,,,,,,,,x,,,,,, ,,x, ,,x
,,F&B Dairy,Distribution & Warehousing,Transportation/Fleet Operations,50,10000,,,x,,,,x,,,,x,,,,x,, ,,, ,
,,F&B Bakery,Sales & Marketing,Consumer Segmentation,50,10000,,,x,,,,x,,,x,,,,,, ,,x, ,,x
,,F&B Bakery,Sales & Marketing,Customer Relationship Strategy ,50,10000,,,x,,,,x,,,,x,,,,x,, ,,, ,
,,F&B Bakery,Sales & Marketing,Marketing Strategy & Planning,50,10000,,x,,,,x,,,,,x,,,,,x,,,x,,
,,F&B Bakery,Sales & Marketing,Customer Behavior Modeling,50,10000,,x,,,,x,,,,,x,,,,,x,x,,x,x,
,,F&B Bakery,Sales & Marketing,Market & Competitor Research,50,10000,,x,,,,x,,,,x,,,,,,, ,x,, ,x
,,F&B Bakery,Sales & Marketing,Customer Satisfaction Measurement & Management,50,10000,,,x,,,,x,,,,,,x,,x,x, ,,x, ,
,,F&B Bakery,Sales & Marketing,Segmentation Management,50,10000,,x,,,,x,,,,,,x,,,x,,,,,,
,,F&B Bakery,Sales & Marketing,Call Center,50,10000,,x,,,,x,,,,x,,,,,x,x,x,x,x,x,x
,,F&B Bakery,Sales & Marketing,Campaign Management,50,10000,,x,,,,x,,,,x,,,,,, ,,x, ,,x
,,F&B Bakery,Sales & Marketing,Customer Service,25,10000,,x,,,,x,,,,,x,,,,x,, ,,, ,
,,F&B Bakery,R&D,Formulate Dev,50,10000,,,x,,,,x,,,,x,,,,,x,,,x,,
,,F&B Bakery,R&D,Prototyping,50,10000,,,x,,,,x,,,,x,,,,,x,x,,x,x,
,,F&B Bakery,R&D,Blending,50,10000,,,x,,,,x,,,x,,,,,,, ,x,, ,x
,,F&B Bakery,Category Mgt,Design,25,10000,,,x,,,,x,,,,,,x,,x,x, ,,x, ,
,,F&B Bakery,Category Mgt,Segmentation ,25,10000,,x,,,,x,,,,x,,,,,, ,,x, ,,x
,,F&B Bakery,Category Mgt,Pricing,25,10000,,x,,,,x,,,,,x,,,,x,, ,,, ,
,,F&B Bakery,Planning,Forecast,25,10000,,x,,,,x,,,,,x,,,,,x,,,x,,
,,F&B Bakery,Planning,Pricing,25,10000,,,x,,,,x,,,,x,,,,,x,x,,x,x,
,,F&B Bakery,Planning,Demand Planning,50,10000,,x,,,,x,,,,x,,,,,,, ,x,, ,x
,,F&B Bakery,Formula,Design,50,10000,,x,,,,x,,,,,,,x,,x,x, ,,x, ,
,,F&B Bakery,Formula,Test,50,10000,,x,,,,x,,,,,,x,,,x,,,,,,
,,F&B Bakery,Formula,Prototype,50,10000,,x,,,,x,,,,x,,,,,x,x,x,x,x,x,x
,,F&B Bakery,Formula,Ingredients,50,10000,,,x,,,,x,,,x,,,,,, ,,x, ,,x
,,F&B Bakery,Packaging,Fluid Milk,25,10000,,,,,x,,,,x,,x,,,,x,, ,,, ,
,,F&B Bakery,Packaging,Ice Cream,50,10000,,,,,x,,,,x,,x,,,,,x,,,x,,
,,F&B Bakery,Packaging,Cheese,50,10000,,,,,x,,,,x,,x,,,,,x,x,,x,x,
,,F&B Bakery,Packaging,Milk Powder,50,10000,,,,x,,,,x,,x,,,,,,, ,x,, ,x
,,F&B Bakery,Packaging,Yogurt,50,10000,,,,x,,,,x,,,,,x,,x,x, ,,x, ,
,,F&B Bakery,Distribution & Warehousing,Food Service,50,10000,,,,x,,,,x,,x,,,,,, ,,x, ,,x
,,F&B Bakery,Distribution & Warehousing,Retail,50,10000,,,,,x,,,,x,,x,,,,x,, ,,, ,
,,F&B Bakery,Distribution & Warehousing,Other Manuf,50,10000,,,,x,,,,x,,,x,,,,,x,,,x,,
,,F&B Bakery,Distribution & Warehousing,Supplier Performance Management,50,10000,,,,x,,,,x,,,x,,,,,x,x,,x,x,
,,F&B Bakery,Distribution & Warehousing,In-bound Logistics,50,10000,,,,x,,,,x,,x,,,,,,, ,x,, ,x
,,F&B Bakery,Distribution & Warehousing,Instra-company & Outbound Logistics,50,10000,,,,x,,,,x,,,,,x,,x,x, ,,x, ,
,,F&B Bakery,Distribution & Warehousing,Transportation/Fleet Management,50,10000,,,,,x,,,,x,,,x,,,x,,,,,,
,,F&B Bakery,Distribution & Warehousing,Warehouse Management,50,10000,,,x,,,,x,,,x,,,,,x,x,x,x,x,x,x
,,F&B Bakery,Distribution & Warehousing,Distribution Center Operations,50,10000,,,x,,,,x,,,x,,,,,, ,,x, ,,x
,,F&B Bakery,Distribution & Warehousing,Yard Management,50,10000,,,x,,,,x,,,,x,,,,x,, ,,, ,
,,F&B Bakery,Distribution & Warehousing,Returns & Reclamations,50,10000,,x,,,,x,,,,,x,,,,,x,,,x,,
,,F&B Bakery,Distribution & Warehousing,Product Track & Trace,50,10000,,x,,,,x,,,,,x,,,,,x,x,,x,x,
,,F&B Bakery,Distribution & Warehousing,Transportation/Fleet Operations,50,10000,,x,,,,x,,,,x,,,,,,, ,x,, ,x
,,F&B Beverage,Sales & Marketing,Consumer Segmentation,50,10000,,,x,,,,x,,,x,,,,,, ,,x, ,,x
,,F&B Beverage,Sales & Marketing,Customer Relationship Strategy ,50,10000,,x,,,,x,,,,,x,,,,x,, ,,, ,
,,F&B Beverage,Sales & Marketing,Marketing Strategy & Planning,50,10000,,x,,,,x,,,,,x,,,,,x,,,x,,
,,F&B Beverage,Sales & Marketing,Customer Behavior Modeling,50,10000,,x,,,,x,,,,,x,,,,,x,x,,x,x,
,,F&B Beverage,Sales & Marketing,Market & Competitor Research,50,10000,,x,,,,x,,,,x,,,,,,, ,x,, ,x
,,F&B Beverage,Sales & Marketing,Customer Satisfaction Measurement & Management,50,10000,,,x,,,,x,,,,,,x,,x,x, ,,x, ,
,,F&B Beverage,Sales & Marketing,Segmentation Management,50,10000,,,,,x,,,,x,,,x,,,x,,,,,,
,,F&B Beverage,Sales & Marketing,Call Center,50,10000,,,,,x,,,,x,x,,,,,x,x,x,x,x,x,x
,,F&B Beverage,Sales & Marketing,Campaign Management,50,10000,,,,,x,,,,x,x,,,,,, ,,x, ,,x
,,F&B Beverage,R&D,Formulate Dev,50,10000,,,,x,,,,x,,,x,,,,x,, ,,, ,
,,F&B Beverage,R&D,Prototyping,50,10000,,,,x,,,,x,,,x,,,,,x,,,x,,
,,F&B Beverage,R&D,Blending,50,10000,,,,x,,,,x,,,x,,,,,x,x,,x,x,
,,F&B Beverage,Vineyard,Design,25,10000,,,,,x,,,,x,x,,,,,,, ,x,, ,x
,,F&B Beverage,Vineyard,Segmentation ,25,10000,,,,x,,,,x,,,,,x,,x,x, ,,x, ,
,,F&B Beverage,Vineyard,Quality,25,10000,,,,x,,,,x,,x,,,,,, ,,x, ,,x
,,F&B Beverage,Hops & Barley,Quality,25,10000,,,,x,,,,x,,,x,,,,x,, ,,, ,
,,F&B Beverage,Hops & Barley,Water & Other Ingredients,25,10000,,,,x,,,,x,,,x,,,,,x,,,x,,
,,F&B Beverage,Bottling & Filling,Demand Planning,25,10000,,,,,x,,,,x,,x,,,,,x,x,,x,x,
,,F&B Beverage,Bottling & Filling,Quality,25,10000,,,x,,,,x,,,x,,,,,,, ,x,, ,x
,,F&B Beverage,Packaging,Design,25,10000,,,x,,,,x,,,,,,x,,x,x, ,,x, ,
,,F&B Beverage,Packaging,Source,50,10000,,,x,,,,x,,,,,x,,,x,,,,,,
,,F&B Beverage,Packaging,Price,50,10000,,x,,,,x,,,,x,,,,,x,x,x,x,x,x,x
,,F&B Beverage,Planning,Forecast,25,10000,,x,,,,x,,,,x,,,,,, ,,x, ,,x
,,F&B Beverage,Planning,Pricing,25,10000,,x,,,,x,,,,,x,,,,x,, ,,, ,
,,F&B Beverage,Planning,Demand Planning,50,10000,,,x,,,,x,,,,x,,,,,x,,,x,,
,,F&B Beverage,Distribution & Warehousing,Aging,50,10000,,x,,,,x,,,,,x,,,,,x,x,,x,x,
,,F&B Beverage,Distribution & Warehousing,Packaging,50,10000,,x,,,,x,,,,x,,,,,,, ,x,, ,x
,,F&B Beverage,Distribution & Warehousing,Quality,50,10000,,x,,,,x,,,,,,,x,,x,x, ,,x, ,
,,F&B Beverage,Distribution & Warehousing,Pick Pack Ship,50,10000,,x,,,,x,,,,x,,,,,, ,,x, ,,x
,,F&B Beverage,Distribution & Warehousing,Transportation/Fleet Operations,50,10000,,,x,,,,x,,,,x,,,,x,, ,,, ,
,,F&B Beverage,Sales & Marketing,Consumer Segmentation,50,10000,,,,,x,,,,x,,x,,,,,x,,,x,,
,,Distribution Wholesale,Sales & Marketing,Quotes,50,10000,,,,,x,,,,x,,,,,,,,,,,,
,,Distribution Wholesale,Sales & Marketing,Cross-Sell,50,10000,,,,,x,,,,x,x,,,,,,, ,x,, ,x
,,Distribution Wholesale,Sales & Marketing,Promotions,50,10000,,,,x,,,,x,,,,,x,,x,x, ,,x, ,
,,Distribution Wholesale,Sales & Marketing,target Marketing,100,20000,,,,x,,,,x,,,,x,,,x,,,,,,
,,Distribution Wholesale,Sales & Marketing,Counter Sales,50,10000,,,,x,,,,x,,x,,,,,x,x,x,x,x,x,x
,,Distribution Wholesale,Sales & Marketing,Inside Sales,50,10000,,,,,x,,,,x,x,,,,,, ,,x, ,,x
,,Distribution Wholesale,Sales & Marketing,eCommerce,50,10000,,,,x,,,,x,,,x,,,,x,, ,,, ,
,,Distribution Wholesale,Sales & Marketing,Field Sales,50,10000,,,,x,,,,x,,,x,,,,,x,,,x,,
,,Distribution Wholesale,Procurement,Supply Chain Mgt,250,42000,,,,x,,,,x,,,x,,,,,x,x,,x,x,
,,Distribution Wholesale,Procurement,Inventory Optimization,50,10000,,,,x,,,,x,,x,,,,,,, ,x,, ,x
,,Distribution Wholesale,Procurement,Rebates,50,10000,,,,,x,,,,x,,,,x,,x,x, ,,x, ,
,,Distribution Wholesale,Procurement,Supplier Consignment,25,10000,,,x,,,,x,,,x,,,,,, ,,x, ,,x
,,Distribution Wholesale,Procurement,Supplier Mgt,200,22000,,,x,,,,x,,,,x,,,,x,, ,,, ,
,,Distribution Wholesale,Procurement,Sourcing,25,10000,,,x,,,,x,,,,x,,,,,x,,,x,,
,,Distribution Wholesale,Distribution & Warehousing,Automation,240,24000,,x,,,,x,,,,,x,,,,,x,x,,x,x,
,,Distribution Wholesale,Distribution & Warehousing,Order Filfillment,50,10000,,x,,,,x,,,,x,,,,,,, ,x,, ,x
,,Distribution Wholesale,Distribution & Warehousing,Transportation Mgt,300,10000,,x,,,,x,,,,,,,x,,x,x, ,,x, ,
,,Distribution Wholesale,Distribution & Warehousing,Receiving,50,10000,,,x,,,,x,,,,,x,,,x,,,,,,
,,Distribution Wholesale,Distribution & Warehousing,Returns & Reclamations,50,10000,,x,,,,x,,,,x,,,,,x,x,x,x,x,x,x
,,Distribution Wholesale,Distribution & Warehousing,Mobile,50,10000,,x,,,,x,,,,x,,,,,, ,,x, ,,x
,,Distribution Wholesale,Value Added Services,Rental,50,10000,,x,,,,x,,,,,x,,,,x,, ,,, ,
,,Distribution Wholesale,Value Added Services,Kitting & Assembly,175,37500,,x,,,,x,,,,,x,,,,,x,,,x,,
,,Distribution Wholesale,Value Added Services,Configuration,50,10000,,,x,,,,x,,,,x,,,,,x,x,,x,x,
,,Distribution Wholesale,Value Added Services,Distributor Managed Inventory,50,10000,,,,,x,,,,x,x,,,,,,, ,x,, ,x
,,Distribution Wholesale,Value Added Services,Service & Repair,50,10000,,,,,x,,,,x,,,,x,,x,x, ,,x, ,
,,Oil Blending,Trade / Risk Mgt,Trading Strategy,400,108,,,,x,,,,x,,,,,,,,,,,,,
,,Oil Blending,Trade / Risk Mgt,Risk / Hedging Strategy,620,93,,,,x,,,,x,,,,,,,,,,,,,
,,Oil Blending,Supply Chain,Supply Chain Planning,160,48,,,,x,,,,x,,,,,,,,,,,,,
,,Oil Blending,Supply Chain,Inventory Mgt,90,27,,,,,x,,,,x,,,,,,,,,,,,
,,Oil Blending,Supply Chain,Partner Management,140,36,,x,,,,x,,,,,,,,,,,,,,,
,,Oil Blending,Supply Chain,Partner Adjustments & Settlement,220,37,,x,,,,x,,,,,,,,,,,,,,,
,,Oil Blending,Plant Operations,Ops Planning,160,48,,x,,,,x,,,,,,,,,,,,,,,
,,Oil Blending,Plant Operations,Plant Unit Optimization,400,120,,x,,,,x,,,,,,,,,,,,,,,
,,Oil Blending,Plant Operations,Plant Scheduling / Blend Planning,350,108,,,,x,,,,x,,,,,,,,,,,,,
,,Oil Blending,Plant Operations,Asset Mgt,240,105,,,,,,,,,,,,,,,,,,,,,
,,Oil Blending,Plant Operations,Plant Ops Planning,220,90,,,x,,,,x,,,,,,,,,,,,,,
,,Oil Blending,Plant Operations,Product Packaging,110,37,,,x,,,,x,,,,,,,,,,,,,,
,,Oil Blending,Plant Operations,Inventory Mgt / Yield Accounting,150,48,,x,,,,x,,,,,,,,,,,,,,,
,,Oil Blending,Plant Operations,Risk Monitoring,240,78,,x,,,,x,,,,,,,,,,,,,,,
,,Oil Blending,Engineering & Maintenance,Turnaround Planning,100,30,,x,,,,x,,,,,,,,,,,,,,,
,,Oil Blending,Engineering & Maintenance,Engnineering Planning,150,30,,,x,,,,x,,,,,,,,,,,,,,
,,Oil Blending,Engineering & Maintenance,Design,221,63,,x,,,,x,,,,,,,,,,,,,,,
,,Oil Blending,Engineering & Maintenance,Maintenance Mgt & Scheduling,342,93,,x,,,,x,,,,,,,,,,,,,,,
,,Oil Blending,Engineering & Maintenance,Materials Management,100,30,,x,,,,x,,,,,,,,,,,,,,,
,,Oil Blending,Engineering & Maintenance,Asset Monitoring & Predictive Maintenance,400,120,,,,x,,,,x,,,,,,,,,,,,,
,,Oil Blending,Engineering & Maintenance,Maintenance & Egineering Execution,700,180,,,x,,,,x,,,,,,,,,,,,,,
,,Oil Blending,Product & Quality Mgt,New Product Dev,520,78,,,x,,,,x,,,,,,,,,,,,,,
,,Oil Blending,Product & Quality Mgt,Lifecycle Planning,200,30,,,x,,,,x,,,,,,,,,,,,,,
,,Oil Blending,Product & Quality Mgt,Quality Monitoring,300,63,,x,,,,x,,,,,,,,,,,,,,,
,,Oil Blending,Product & Quality Mgt,Remediation,200,90,,x,,,,x,,,,,,,,,,,,,,,
,,Oil Blending,Product & Quality Mgt,Lab Ops,100,63,,x,,,,x,,,,,,,,,,,,,,,
,,Oil Blending,Primary Distribution,Transport Planning,240,63,,x,,,,x,,,,,,,,,,,,,,,
,,Oil Blending,Primary Distribution,Rsk Strategy,150,45,,,,x,,,,x,,,,,,,,,,,,,
,,Oil Blending,Primary Distribution,Transportation Qualification,100,30,,,,,x,,,,x,,,,,,,,,,,,
,,Oil Blending,Primary Distribution,Scheduling,240,36,,,,x,,,,x,,,,,,,,,,,,,
,,Oil Blending,Primary Distribution,Wharf / Berth Scheduling,355,36,,,,x,,,,x,,,,,,,,,,,,,
,,Oil Blending,Primary Distribution,Spot Logistics,300,102,,,,x,,,,x,,,,,,,,,,,,,
,,Oil Blending,Primary Distribution,Primary Distribution Ops,240,93,,,x,,,,x,,,,,,,,,,,,,,
,,Oil Blending,Primary Distribution,Distribution Settlement,120,48,,,x,,,,x,,,,,,,,,,,,,,
,,Oil Blending,Primary Distribution,Remediation,110,60,,x,,,,x,,,,,,,,,,,,,,,
,,Oil Blending,Secondary Distribution / Wholesale Marketing,Transport Planning,150,22,,,x,,,,x,,,,,,,,,,,,,,
,,Oil Blending,Shared Corporate Functions,Brand strategy,80,12,,x,,,,x,,,,,,,,,,,,,,,
,,Oil Blending,Shared Corporate Functions,HR Planning,80,12,,x,,,,x,,,,,,,,,,,,,,,
,,Oil Blending,Shared Corporate Functions,IT Strategy,500,24,,x,,,,x,,,,,,,,,,,,,,,
,,Oil Blending,Shared Corporate Functions,HR Planning,240,18,,x,,,,x,,,,,,,,,,,,,,,
,,Oil Blending,Shared Corporate Functions,Commercal Credit mgt,310,27,,,,x,,,,x,,,,,,,,,,,,,
,,Oil Blending,Shared Corporate Functions,Mro Procurement Mgt,200,36,,,,,x,,,,x,,,,,,,,,,,,
,,Oil Blending,Shared Corporate Functions,Supplier / Vendor Mgt,160,48,,,x,,,,x,,,,,,,,,,,,,,
,,Oil Blending,Shared Corporate Functions,EHS Mgt & Reporting,100,18,,,x,,,,x,,,,,,,,,,,,,,
,,Oil Blending,Shared Corporate Functions,PR,80,12,,,x,,,,x,,,,,,,,,,,,,,
,,Oil Blending,Shared Corporate Functions,Financial Mgt,320,48,,x,,,,x,,,,,,,,,,,,,,,
,,Oil Blending,Shared Corporate Functions,Market Price Management,300,45,,,,,x,,,,x,,,,,,,,,,,,
,,Oil Blending,Shared Corporate Functions,Tax Rate Management,120,18,,,,x,,,,x,,,,,,,,,,,,,
,,Oil Blending,Shared Corporate Functions,Master Data Mangement,120,18,,,,,x,,,,x,,,,,,,,,,,,
,,Oil Blending,Shared Corporate Functions,EHS Incident Management,300,45,,,x,,,,x,,,,,,,,,,,,,,
,,Oil Blending,Shared Corporate Functions,Security,400,60,,,x,,,,x,,,,,,,,,,,,,,
,,Oil Blending,Shared Corporate Functions,Compliance & Risk,600,90,,x,,,,x,,,,,,,,,,,,,,,
,,Oil Upstream Exploration,Trade / Risk Mgt,Trading Strategy,720,108,,x,,,,x,,,,,,,,,,,,,,,
,,Oil Upstream Exploration,Trade / Risk Mgt,Risk / Hedging Strategy,620,93,,x,,,,x,,,,,,,,,,,,,,,
,,Oil Upstream Exploration,Trade / Risk Mgt,Market Analysis & Supplier Adaptation,320,48,,,,x,,,,x,,,,,,,,,,,,,
,,Oil Upstream Exploration,Trade / Risk Mgt,Position Monitoring,800,120,,,,x,,,,x,,,,,,,,,,,,,
,,Oil Upstream Exploration,Trade / Risk Mgt,Spot Market / Supplier Opp Mgt,420,63,,,,x,,,,x,,,,,,,,,,,,,
,,Oil Upstream Exploration,Trade / Risk Mgt,Spot Trade Execution,600,90,,,,x,,,,x,,,,,,,,,,,,,
,,Oil Upstream Exploration,Trade / Risk Mgt,Settlement,400,60,,x,,,,x,,,,,,,,,,,,,,,
,,Oil Upstream Exploration,Trade / Risk Mgt,Risk Adjustment,240,36,,x,,,,x,,,,,,,,,,,,,,,
,,Oil Upstream Exploration,Supply Chain,Network Planning,240,36,,x,,,,x,,,,,,,,,,,,,,,
,,Oil Upstream Exploration,Supply Chain,Price Benchmarking / Monitoring,500,75,,x,,,,x,,,,,,,,,,,,,,,
,,Oil Upstream Exploration,Supply Chain,Negotiations,560,84,,,x,,,,x,,,,,,,,,,,,,,
,,Oil Upstream Exploration,Supply Chain,Price Forecasting,440,66,,,x,,,,x,,,,,,,,,,,,,,
,,Oil Upstream Exploration,Supply Chain,Supply Chain Planning,320,48,,,x,,,,x,,,,,,,,,,,,,,
,,Oil Upstream Exploration,Supply Chain,Inventory Mgt,180,27,,,x,,,,x,,,,,,,,,,,,,,
,,Oil Upstream Exploration,Supply Chain,Partner Management,240,36,,x,,,,x,,,,,,,,,,,,,,,
,,Oil Upstream Exploration,Supply Chain,Partner Adjustments & Settlement,250,37,,x,,,,x,,,,,,,,,,,,,,,
,,Oil Upstream Exploration,Plant Operations,Ops Planning,320,48,,x,,,,x,,,,,,,,,,,,,,,
,,Oil Upstream Exploration,Plant Operations,Plant Unit Optimization,800,120,,,x,,,,x,,,,,,,,,,,,,,
,,Oil Upstream Exploration,Plant Operations,Plant Scheduling / Blend Planning,720,108,,x,,,,x,,,,,,,,,,,,,,,
,,Oil Upstream Exploration,Plant Operations,Asset Mgt,700,105,,,,,x,,,,x,,,,,,,,,,,,
,,Oil Upstream Exploration,Plant Operations,Plant Ops Planning,600,90,,,,,x,,,,x,,,,,,,,,,,,
,,Oil Upstream Exploration,Plant Operations,Product Packaging,250,37,,,,x,,,,x,,,,,,,,,,,,,
,,Oil Upstream Exploration,Plant Operations,Inventory Mgt / Yield Accounting,320,48,,,,x,,,,x,,,,,,,,,,,,,
,,Oil Upstream Exploration,Plant Operations,Risk Monitoring,520,78,,,,x,,,,x,,,,,,,,,,,,,
,,Oil Upstream Exploration,Engineering & Maintenance,Turnaround Planning,200,30,,,,x,,,,x,,,,,,,,,,,,,
,,Oil Upstream Exploration,Engineering & Maintenance,Engnineering Planning,200,30,,,,,x,,,,x,,,,,,,,,,,,
,,Oil Upstream Exploration,Engineering & Maintenance,Design,420,63,,,x,,,,x,,,,,,,,,,,,,,
,,Oil Upstream Exploration,Engineering & Maintenance,Maintenance Mgt & Scheduling,620,93,,x,,,,x,,,,,,,,,,,,,,,
,,Oil Upstream Exploration,Engineering & Maintenance,Materials Management,200,30,,,,x,,,,x,,,,,,,,,,,,,
,,Oil Upstream Exploration,Engineering & Maintenance,Asset Monitoring & Predictive Maintenance,800,120,,,x,,,,x,,,,,,,,,,,,,,
,,Oil Upstream Exploration,Engineering & Maintenance,Maintenance & Egineering Execution,1200,180,,,x,,,,x,,,,,,,,,,,,,,
,,Oil Upstream Exploration,Product & Quality Mgt,New Product Dev,520,78,,,x,,,,x,,,,,,,,,,,,,,
,,Oil Upstream Exploration,Product & Quality Mgt,Lifecycle Planning,200,30,,x,,,,x,,,,,,,,,,,,,,,
,,Oil Upstream Exploration,Product & Quality Mgt,Quality Monitoring,420,63,,x,,,,x,,,,,,,,,,,,,,,
,,Oil Upstream Exploration,Product & Quality Mgt,Remediation,600,90,,,,x,,,,x,,,,,,,,,,,,,
,,Oil Upstream Exploration,Product & Quality Mgt,Lab Ops,420,63,,,,x,,,,x,,,,,,,,,,,,,
,,Oil Upstream Exploration,Primary Distribution,Transport Planning,420,63,,x,,,,x,,,,,,,,,,,,,,,
,,Oil Upstream Exploration,Primary Distribution,Rsk Strategy,300,45,,x,,,,x,,,,,,,,,,,,,,,
,,Oil Upstream Exploration,Primary Distribution,Transportation Qualification,200,30,,x,,,,x,,,,,,,,,,,,,,,
,,Oil Upstream Exploration,Primary Distribution,Scheduling,240,36,,,x,,,,x,,,,,,,,,,,,,,
,,Oil Upstream Exploration,Primary Distribution,Wharf / Berth Scheduling,240,36,,x,,,,x,,,,,,,,,,,,,,,
,,Oil Upstream Exploration,Primary Distribution,Spot Logistics,680,102,,x,,,,x,,,,,,,,,,,,,,,
,,Oil Upstream Exploration,Primary Distribution,Primary Distribution Ops,620,93,,x,,,,x,,,,,,,,,,,,,,,
,,Oil Upstream Exploration,Primary Distribution,Distribution Settlement,320,48,,x,,,,x,,,,,,,,,,,,,,,
,,Oil Upstream Exploration,Primary Distribution,Remediation,400,60,,,x,,,,x,,,,,,,,,,,,,,
,,Oil Upstream Exploration,Secondary Distribution / Wholesale Marketing,Transport Planning,150,22,,,,,x,,,,x,,,,,,,,,,,,
,,Oil Upstream Exploration,Secondary Distribution / Wholesale Marketing,Pricing Strategy,320,48,,,,,x,,,,x,,,,,,,,,,,,
,,Oil Upstream Exploration,Secondary Distribution / Wholesale Marketing,Channel & Customer Strategy,200,30,,,,,x,,,,x,,,,,,,,,,,,
,,Oil Upstream Exploration,Secondary Distribution / Wholesale Marketing,Demand Forecasting & Monitoring,820,123,,,,x,,,,x,,,,,,,,,,,,,
,,Oil Upstream Exploration,Secondary Distribution / Wholesale Marketing,Promotion / Loyalty Planning,120,18,,,,x,,,,x,,,,,,,,,,,,,
,,Oil Upstream Exploration,Secondary Distribution / Wholesale Marketing,Secondary Distribution Scheduling,800,120,,,,x,,,,x,,,,,,,,,,,,,
,,Oil Upstream Exploration,Secondary Distribution / Wholesale Marketing,Wholesale / Rack Pricing,200,30,,,,,x,,,,x,,,,,,,,,,,,
,,Oil Upstream Exploration,Secondary Distribution / Wholesale Marketing,Commercial Inventory Mgt,320,48,,,,x,,,,x,,,,,,,,,,,,,
,,Oil Upstream Exploration,Secondary Distribution / Wholesale Marketing,Channel Mgt,240,36,,,,x,,,,x,,,,,,,,,,,,,
,,Oil Upstream Exploration,Secondary Distribution / Wholesale Marketing,Commercial Sales,320,48,,,,x,,,,x,,,,,,,,,,,,,
,,Oil Upstream Exploration,Secondary Distribution / Wholesale Marketing,Vehicular Driver Qualification,120,18,,,,x,,,,x,,,,,,,,,,,,,
,,Oil Upstream Exploration,Secondary Distribution / Wholesale Marketing,Allocation Mgt,320,48,,,,,x,,,,x,,,,,,,,,,,,
,,Oil Upstream Exploration,Secondary Distribution / Wholesale Marketing,Secondary Distribution Ops,400,60,,,,,,,,,,,,,,,,,,,,,
,,Oil Upstream Exploration,Secondary Distribution / Wholesale Marketing,Distribution Settlement,300,45,,,x,,,,x,,,,,,,,,,,,,,
,,Oil Upstream Exploration,Secondary Distribution / Wholesale Marketing,Order Mgt,400,60,,,x,,,,x,,,,,,,,,,,,,,
,,Oil Upstream Exploration,Secondary Distribution / Wholesale Marketing,Customer Service,600,90,,,x,,,,x,,,,,,,,,,,,,,
,,Oil Upstream Exploration,Retail Operations,Retail Strategy,320,48,,x,,,,x,,,,,,,,,,,,,,,
,,Oil Upstream Exploration,Retail Operations,Pricing Strategy,420,63,,x,,,,x,,,,,,,,,,,,,,,
,,Oil Upstream Exploration,Retail Operations,Channel & Customer Strategy,400,60,,x,,,,x,,,,,,,,,,,,,,,
,,Oil Upstream Exploration,Retail Operations,Demand Forecasting & Monitoring,720,108,,,x,,,,x,,,,,,,,,,,,,,
,,Oil Upstream Exploration,Retail Operations,Promotion / Loyalty Planning,240,36,,x,,,,x,,,,,,,,,,,,,,,
,,Oil Upstream Exploration,Retail Operations,Credit Card mgt,240,36,,x,,,,x,,,,,,,,,,,,,,,
,,Oil Upstream Exploration,Retail Operations,Retail Pricing,380,57,,x,,,,x,,,,,,,,,,,,,,,
,,Oil Upstream Exploration,Retail Operations,Inventory Mgt,320,48,,x,,,,x,,,,,,,,,,,,,,,
,,Oil Upstream Exploration,Retail Operations,Site Planning & Development,750,112,,,x,,,,x,,,,,,,,,,,,,,
,,Oil Upstream Exploration,Retail Operations,Retail Operations,600,90,,,x,,,,x,,,,,,,,,,,,,,
,,Oil Upstream Exploration,Retail Operations,Promotion / Loyalty Execution,240,36,,,x,,,,x,,,,,,,,,,,,,,
,,Oil Upstream Exploration,Retail Operations,Fuel Sale Settlement,180,27,,,x,,,,x,,,,,,,,,,,,,,
,,Oil Upstream Exploration,Retail Operations,Customer Service,200,30,,x,,,,x,,,,,,,,,,,,,,,
,,Oil Upstream Exploration,Shared Corporate Functions,Strategy & Budgeting,170,25,,x,,,,x,,,,,,,,,,,,,,,
,,Oil Upstream Exploration,Shared Corporate Functions,Brand strategy,80,12,,x,,,,x,,,,,,,,,,,,,,,
,,Oil Upstream Exploration,Shared Corporate Functions,HR Planning,80,12,,,x,,,,x,,,,,,,,,,,,,,
,,Oil Upstream Exploration,Shared Corporate Functions,IT Strategy,160,24,,x,,,,x,,,,,,,,,,,,,,,
,,Oil Upstream Exploration,Shared Corporate Functions,HR Planning,120,18,,x,,,,x,,,,,,,,,,,,,,,
,,Oil Upstream Exploration,Shared Corporate Functions,Commercal Credit mgt,180,27,,x,,,,x,,,,,,,,,,,,,,,
,,Oil Upstream Exploration,Shared Corporate Functions,Mro Procurement Mgt,240,36,,x,,,,x,,,,,,,,,,,,,,,
,,Oil Upstream Exploration,Shared Corporate Functions,Supplier / Vendor Mgt,320,48,,,x,,,,x,,,,,,,,,,,,,,
,,Oil Upstream Exploration,Shared Corporate Functions,EHS Mgt & Reporting,120,18,,,,,x,,,,x,,,,,,,,,,,,
,,Oil Upstream Exploration,Shared Corporate Functions,PR,80,12,,,,,x,,,,x,,,,,,,,,,,,
,,Oil Upstream Exploration,Shared Corporate Functions,Financial Mgt,320,48,,,,,x,,,,x,,,,,,,,,,,,
,,Oil Upstream Exploration,Shared Corporate Functions,Market Price Management,300,45,,,,x,,,,x,,,,,,,,,,,,,
,,Oil Upstream Exploration,Shared Corporate Functions,Tax Rate Management,120,18,,,,x,,,,x,,,,,,,,,,,,,
,,Oil Upstream Exploration,Shared Corporate Functions,Master Data Mangement,120,18,,,,x,,,,x,,,,,,,,,,,,,
,,Oil Upstream Exploration,Shared Corporate Functions,EHS Incident Management,300,45,,,,,x,,,,x,,,,,,,,,,,,
,,Oil Upstream Exploration,Shared Corporate Functions,Security,400,60,,,,x,,,,x,,,,,,,,,,,,,
,,Oil Upstream Exploration,Shared Corporate Functions,Compliance & Risk,600,90,,,,x,,,,x,,,,,,,,,,,,,
,,Oil Downstream,Trade/Risk Management,Trading Strategy,50,36,,,,x,,,,x,,,,,,,,,,,,,
,,Oil Downstream,Trade/Risk Management,Risk/Hedging Strategy ,50,57,,,,x,,,,x,,,,,,,,,,,,,
,,Oil Downstream,Trade/Risk Management,Market Analysis and Supplier Adaptation,50,48,,,,,x,,,,x,,,,,,,,,,,,
,,Oil Downstream,Trade/Risk Management,Position Monitoring,50,112,,,x,,,,x,,,,,,,,,,,,,,
,,Oil Downstream,Trade/Risk Management,Spot Market/Supplier Opportunity Management,50,90,,,x,,,,x,,,,,,,,,,,,,,
,,Oil Downstream,Trade/Risk Management,Spa Trade Execution,50,36,,,x,,,,x,,,,,,,,,,,,,,
,,Oil Downstream,Trade/Risk Management,Spot Trade Settement,50,27,,x,,,,x,,,,,,,,,,,,,,,
,,Oil Downstream,Supply Chain/Inventory Management,Strategic Network Strategy and Planning,50,30,,x,,,,x,,,,,,,,,,,,,,,
,,Oil Downstream,Supply Chain/Inventory Management,Supply Chain/Price Benchmarking,50,25,,x,,,,x,,,,,,,,,,,,,,,
,,Oil Downstream,Supply Chain/Inventory Management,Strategic Supply Agreement Establishment,50,12,,,x,,,,x,,,,,,,,,,,,,,
,,Oil Downstream,Supply Chain/Inventory Management,Price Forecasting ,25,36,,x,,,,x,,,,,,,,,,,,,,,
,,Oil Downstream,Supply Chain/Inventory Management,Supply Chain Planning,50,57,,x,,,,x,,,,,,,,,,,,,,,
,,Oil Downstream,Supply Chain/Inventory Management,Supply Inventory Management,50,48,,x,,,,x,,,,,,,,,,,,,,,
,,Oil Downstream,Supply Chain/Inventory Management,Strategic Supply Agreement Management ,50,25,,x,,,,x,,,,,,,,,,,,,,,
,,Oil Downstream,Supply Chain/Inventory Management,Spot Market/Supplier Opportunity Management,50,90,,,x,,,,x,,,,,,,,,,,,,,
,,Oil Downstream,Supply Chain/Inventory Management,Strategic Supply Agreement Settlement,25,36,,,,,x,,,,x,,,,,,,,,,,,
,,Oil Downstream,Plant Operations,Plant Operations Planning,50,27,,,,,x,,,,x,,,,,,,,,,,,
,,Oil Downstream,Plant Operations,Plant Unit Optimization,50,30,,,,,x,,,,x,,,,,,,,,,,,
,,Oil Downstream,Plant Operations,Plant Scheduling/Blend Planning,50,25,,,,x,,,,x,,,,,,,,,,,,,
,,Oil Downstream,Plant Operations,Asset Management ,50,12,,,,x,,,,x,,,,,,,,,,,,,
,,Oil Downstream,Plant Operations,Plant Operations Planning,25,12,,,,x,,,,x,,,,,,,,,,,,,
,,Oil Downstream,Plant Operations,Product Packaging,25,36,,,,,x,,,,x,,,,,,,,,,,,
,,Oil Downstream,Plant Operations,Plant Inventory Management/Yield Accounting,25,57,,,,x,,,,x,,,,,,,,,,,,,
,,Oil Downstream,Engineering and Maintenance,Long Term Maintenance and Turnaround Planning,50,48,,,,x,,,,x,,,,,,,,,,,,,
,,Oil Downstream,Engineering and Maintenance,Engineering Planning,50,25,,,,x,,,,x,,,,,,,,,,,,,
,,Oil Downstream,Engineering and Maintenance,Engineering Design,50,90,,,,x,,,,x,,,,,,,,,,,,,
,,Oil Downstream,Engineering and Maintenance,Engineering/Maintenance Management and Scheduling ,50,36,,,,,x,,,,x,,,,,,,,,,,,
,,Oil Downstream,Engineering and Maintenance,Maintenance Materials Management ,25,27,,,x,,,,x,,,,,,,,,,,,,,
,,Oil Downstream,Engineering and Maintenance,Asst Monitoring and Predictive Maintenance,50,30,,,x,,,,x,,,,,,,,,,,,,,
,,Oil Downstream,Engineering and Maintenance,Maintenance and Engineering Execution,50,25,,,x,,,,x,,,,,,,,,,,,,,
,,Oil Downstream,Product and Quality Management,New Product Development,50,12,,x,,,,x,,,,,,,,,,,,,,,
,,Oil Downstream,Product and Quality Management,Product Lifecycle Planning,50,12,,x,,,,x,,,,,,,,,,,,,,,
,,Oil Downstream,Product and Quality Management,Quality Monitoring,50,36,,x,,,,x,,,,,,,,,,,,,,,
,,Oil Downstream,Product and Quality Management,Lab Operations,50,57,,,x,,,,x,,,,,,,,,,,,,,
,,Oil Downstream,Primary Distribution,Strategic Transport Planning,50,48,,x,,,,x,,,,,,,,,,,,,,,
,,Oil Downstream,Primary Distribution,Transportation Qualification,25,25,,x,,,,x,,,,,,,,,,,,,,,
,,Oil Downstream,Primary Distribution,Primary Distribution Nomination/Scheduling ,25,90,,x,,,,x,,,,,,,,,,,,,,,
,,Oil Downstream,Primary Distribution,Wharf/Berth Scheduling,50,36,,x,,,,x,,,,,,,,,,,,,,,
,,Oil Downstream,Primary Distribution,Spot Logistics,50,27,,,x,,,,x,,,,,,,,,,,,,,
,,Oil Downstream,Primary Distribution,Primary Distribution Operations,50,30,,,,,x,,,,x,,,,,,,,,,,,
,,Oil Downstream,Primary Distribution,Distribution Settlement,50,25,,,,,x,,,,x,,,,,,,,,,,,
,,Oil Downstream,Secondary Distribution/Wholesale Marketing,Strategic Transport Planning,50,12,,,,,x,,,,x,,,,,,,,,,,,
,,Oil Downstream,Secondary Distribution/Wholesale Marketing,Pricing Strategy,50,12,,,,x,,,,x,,,,,,,,,,,,,
,,Oil Downstream,Secondary Distribution/Wholesale Marketing,Channel and Customer Strategy,25,36,,,,x,,,,x,,,,,,,,,,,,,
,,Oil Downstream,Secondary Distribution/Wholesale Marketing,Demand Forecasting and Forecast Monitoring ,50,57,,,,x,,,,x,,,,,,,,,,,,,
,,Oil Downstream,Secondary Distribution/Wholesale Marketing,Promotion/Loyalty Planning,50,48,,,,,x,,,,x,,,,,,,,,,,,
,,Oil Downstream,Secondary Distribution/Wholesale Marketing,Secondary Distribution  Scheduling ,50,25,,,,x,,,,x,,,,,,,,,,,,,
,,Oil Downstream,Secondary Distribution/Wholesale Marketing,Wholesale/Rack Pricing,50,90,,,,x,,,,x,,,,,,,,,,,,,
,,Oil Downstream,Secondary Distribution/Wholesale Marketing,Retail/Commercial Inventory Management,50,36,,,,x,,,,x,,,,,,,,,,,,,
,,Oil Downstream,Secondary Distribution/Wholesale Marketing,Customer/Channel Management ,50,27,,,,x,,,,x,,,,,,,,,,,,,
,,Oil Downstream,Secondary Distribution/Wholesale Marketing,Commerical Sales,50,30,,,,,x,,,,x,,,,,,,,,,,,
,,Oil Downstream,Secondary Distribution/Wholesale Marketing,Vehicular Driver Qualification,50,25,,,x,,,,x,,,,,,,,,,,,,,
,,Oil Downstream,Secondary Distribution/Wholesale Marketing,Allocation Management ,50,12,,,x,,,,x,,,,,,,,,,,,,,
,,Oil Downstream,Secondary Distribution/Wholesale Marketing,Secondary Distribution Operations,50,12,,,x,,,,x,,,,,,,,,,,,,,
,,Oil Downstream,Secondary Distribution/Wholesale Marketing,Distribution Settlement,50,36,,x,,,,x,,,,,,,,,,,,,,,
,,Oil Downstream,Secondary Distribution/Wholesale Marketing,Order Management,50,57,,x,,,,x,,,,,,,,,,,,,,,
,,Oil Downstream,Secondary Distribution/Wholesale Marketing,Customer Service,50,48,,x,,,,x,,,,,,,,,,,,,,,
,,Oil Downstream,Retail Operations,Retail Strategy,50,25,,,x,,,,x,,,,,,,,,,,,,,
,,Oil Downstream,Retail Operations,Pricing Strategy,50,90,,x,,,,x,,,,,,,,,,,,,,,
,,Oil Downstream,Retail Operations,Demand Forecasting and Forecast Monitoring ,50,36,,x,,,,x,,,,,,,,,,,,,,,
,,Oil Downstream,Retail Operations,Promotion/Loyalty Planning,50,27,,x,,,,x,,,,,,,,,,,,,,,
,,Oil Downstream,Retail Operations,Credit Card Management,50,30,,x,,,,x,,,,,,,,,,,,,,,
,,Oil Downstream,Retail Operations,Retail Pricing,50,25,,,x,,,,x,,,,,,,,,,,,,,
,,Oil Downstream,Retail Operations,Retail/Commercial Inventory Management,50,12,,,,,x,,,,x,,,,,,,,,,,,
,,Oil Downstream,Retail Operations,Site Planning and Development,50,12,,,,,x,,,,x,,,,,,,,,,,,
,,Oil Downstream,Retail Operations,Retail Operations,50,36,,,,,x,,,,x,,,,,,,,,,,,
,,Oil Downstream,Retail Operations,Promotion/Loyalty Execution,50,57,,,,x,,,,x,,,,,,,,,,,,,
,,Oil Downstream,Retail Operations,Fuel Sale Settlement,50,48,,,,x,,,,x,,,,,,,,,,,,,
,,Oil Downstream,Retail Operations,Customer Service,25,25,,,,x,,,,x,,,,,,,,,,,,,
,,Oil Downstream,Shared Corporate Functions ,Business Strategy and Long Range Planning/Budgeting,50,90,,,,,x,,,,x,,,,,,,,,,,,
,,Oil Downstream,Shared Corporate Functions ,Brand Strategy,50,36,,,,x,,,,x,,,,,,,,,,,,,
,,Oil Downstream,Shared Corporate Functions ,HR Planning ,50,27,,,,x,,,,x,,,,,,,,,,,,,
,,Oil Downstream,Shared Corporate Functions ,IT Strategy,50,30,,,,x,,,,x,,,,,,,,,,,,,
,,Oil Downstream,Shared Corporate Functions ,Human Capability Development and Training ,25,25,,,,x,,,,x,,,,,,,,,,,,,
,,Oil Downstream,Shared Corporate Functions ,Commerial Credit Management ,50,12,,,,,x,,,,x,,,,,,,,,,,,
,,Oil Downstream,Shared Corporate Functions ,MRO Procurement Management,50,12,,,x,,,,x,,,,,,,,,,,,,,
,,Oil Downstream,Shared Corporate Functions ,Supplier/Vendor Management,50,36,,,x,,,,x,,,,,,,,,,,,,,
,,Oil Downstream,Shared Corporate Functions ,EHS Management and Reporting,50,57,,,x,,,,x,,,,,,,,,,,,,,
,,Oil Downstream,Shared Corporate Functions ,Public Relations,25,48,,x,,,,x,,,,,,,,,,,,,,,
,,Oil Downstream,Shared Corporate Functions ,Financial Management ,50,25,,x,,,,x,,,,,,,,,,,,,,,
,,Oil Downstream,Shared Corporate Functions ,Market Price Management ,50,90,,x,,,,x,,,,,,,,,,,,,,,
,,Oil Downstream,Shared Corporate Functions ,Tax Rate Management,50,36,,,x,,,,x,,,,,,,,,,,,,,
,,Oil Downstream,Shared Corporate Functions ,Master Data Management,50,27,,x,,,,x,,,,,,,,,,,,,,,
,,Oil Downstream,Shared Corporate Functions ,EHS Incident Management ,50,30,,x,,,,x,,,,,,,,,,,,,,,
,,Oil Downstream,Shared Corporate Functions ,Human Performance Management,25,25,,x,,,,x,,,,,,,,,,,,,,,
,,Oil Downstream,Shared Corporate Functions ,Contract Creations,50,12,,x,,,,x,,,,,,,,,,,,,,,
,,Oil Downstream,Shared Corporate Functions ,Security,50,12,,,x,,,,x,,,,,,,,,,,,,,
,,Aerospace,Business Administration,Corporate Strategy - HR Strategy ,50,10,,,,,x,,,,x,,,,,,,,,,,,
,,Aerospace,Business Administration,Corporate Strategy - IT Strategy ,50,10,,,,,x,,,,x,,,,,,,,,,,,
,,Aerospace,Business Administration,Corporate Strategy - Finance Strategy ,50,10,,,,,x,,,,x,,,,,,,,,,,,
,,Aerospace,Business Administration,Corporate Strategy - Asset Strategy ,50,10,,,,x,,,,x,,,,,,,,,,,,,
,,Aerospace,Business Administration,Corporate Strategy - Flight Safety Strategy,50,10,,,,x,,,,x,,,,,,,,,,,,,
,,Aerospace,Business Administration,Corporate Strategy - Fleet Strategy ,50,10,,,,x,,,,x,,,,,,,,,,,,,
,,Aerospace,Business Administration,Security & Risk Policy Development ,50,10,,,,,x,,,,x,,,,,,,,,,,,
,,Aerospace,Business Administration,Information Security Strategy ,50,10,,,,x,,,,x,,,,,,,,,,,,,
,,Aerospace,Business Administration,Business Unit Planning,50,10,,,,x,,,,x,,,,,,,,,,,,,
,,Aerospace,Business Administration,Business Performance Management ,50,10,,,,x,,,,x,,,,,,,,,,,,,
,,Aerospace,Business Administration,Program Management & Tracking ,25,10,,,,x,,,,x,,,,,,,,,,,,,
,,Aerospace,Business Administration,Assets & Factilities Management ,50,10,,,,,x,,,,x,,,,,,,,,,,,
,,Aerospace,Business Administration,Human Resources Management ,50,10,,,,,,,,,,,,,,,,,,,,,
,,Aerospace,Business Administration,Services/Quality Control ,50,10,,,x,,,,x,,,,,,,,,,,,,,
,,Aerospace,Business Administration,Financial Planning ,50,10,,,x,,,,x,,,,,,,,,,,,,,
,,Aerospace,Business Administration,Legal ,25,10,,,x,,,,x,,,,,,,,,,,,,,
,,Aerospace,Business Administration,Training ,50,10,,x,,,,x,,,,,,,,,,,,,,,
,,Aerospace,Business Administration,Tax,50,10,,x,,,,x,,,,,,,,,,,,,,,
,,Aerospace,Business Administration,Information Security Management ,50,10,,x,,,,x,,,,,,,,,,,,,,,
,,Aerospace,Business Administration,OTP Monitoring ,50,10,,,x,,,,x,,,,,,,,,,,,,,
,,Aerospace,Business Administration,IT Systems ,25,10,,x,,,,x,,,,,,,,,,,,,,,
,,Aerospace,Business Administration,External Relations,25,10,,x,,,,x,,,,,,,,,,,,,,,
,,Aerospace,Business Administration,Corporate Purchasing ,25,10,,x,,,,x,,,,,,,,,,,,,,,
,,Aerospace,Business Administration,Revenue Accounting - Passenger and Cargo,50,10,,x,,,,x,,,,,,,,,,,,,,,
,,Aerospace,Business Administration,Corporate Accounting,50,10,,,x,,,,x,,,,,,,,,,,,,,
,,Aerospace,Business Administration,Corporate Communications,50,10,,,x,,,,x,,,,,,,,,,,,,,
,,Aerospace,Business Administration,Human Resources Administration ,50,10,,,x,,,,x,,,,,,,,,,,,,,
,,Aerospace,Business Administration,Information Security Audit ,25,10,,,x,,,,x,,,,,,,,,,,,,,
,,Aerospace,Business Administration,Crisis Management ,50,10,,x,,,,x,,,,,,,,,,,,,,,
,,Aerospace,Product Management,Brand Management ,50,10,,x,,,,x,,,,,,,,,,,,,,,
,,Aerospace,Product Management,Product Management ,50,10,,x,,,,x,,,,,,,,,,,,,,,
,,Aerospace,Product Management,Product Management - In-Flight Services,50,10,,,x,,,,x,,,,,,,,,,,,,,
,,Aerospace,Product Management,Loyalty Program Development ,50,10,,x,,,,x,,,,,,,,,,,,,,,
,,Aerospace,Product Management,Network Planning ,50,10,,x,,,,x,,,,,,,,,,,,,,,
,,Aerospace,Product Management,Pricing Strategy ,50,10,,x,,,,x,,,,,,,,,,,,,,,
,,Aerospace,Product Management,Yield Management Strategy ,25,10,,x,,,,x,,,,,,,,,,,,,,,
,,Aerospace,Product Management,Market Tracking ,25,10,,,x,,,,x,,,,,,,,,,,,,,
,,Aerospace,Product Management,Market Research ,50,10,,,,,x,,,,x,,,,,,,,,,,,
,,Aerospace,Product Management,Campaign Administration ,50,10,,,,,x,,,,x,,,,,,,,,,,,
,,Aerospace,Product Management,Product Implementation,50,10,,,,,x,,,,x,,,,,,,,,,,,
,,Aerospace,Product Management,Marketing Communications,50,10,,,,x,,,,x,,,,,,,,,,,,,
,,Aerospace,Product Management,Inventory Control ,50,10,,,,x,,,,x,,,,,,,,,,,,,
,,Aerospace,Product Management,Schedule Development,50,10,,,,x,,,,x,,,,,,,,,,,,,
,,Aerospace,Customer Sales,Customer Relationship Planning ,25,10,,,,,x,,,,x,,,,,,,,,,,,
,,Aerospace,Customer Sales,Distribution Strategy ,50,10,,,,x,,,,x,,,,,,,,,,,,,
,,Aerospace,Customer Sales,Account Strategy ,50,10,,,,x,,,,x,,,,,,,,,,,,,
,,Aerospace,Customer Sales,Channel Tracking ,50,10,,,,x,,,,x,,,,,,,,,,,,,
,,Aerospace,Customer Sales,Sales Tracking ,50,10,,,,x,,,,x,,,,,,,,,,,,,
,,Aerospace,Customer Sales,Loyalty Program Administration ,50,10,,,,,x,,,,x,,,,,,,,,,,,
,,Aerospace,Customer Sales,Sales Forecasting ,50,10,,,x,,,,x,,,,,,,,,,,,,,
,,Aerospace,Customer Sales,Call Center Operations ,50,10,,,x,,,,x,,,,,,,,,,,,,,
,,Aerospace,Customer Sales,Web Direct Reservations ,50,10,,,x,,,,x,,,,,,,,,,,,,,
,,Aerospace,Customer Sales,Sales Execution ,50,10,,x,,,,x,,,,,,,,,,,,,,,
,,Aerospace,Customer Sales,Fulfillment/Reporting ,50,10,,x,,,,x,,,,,,,,,,,,,,,
,,Aerospace,Customer Sales,Corporate Sales Administration ,50,10,,x,,,,x,,,,,,,,,,,,,,,
,,Aerospace,Customer Sales,Client Communication ,50,10,,,x,,,,x,,,,,,,,,,,,,,
,,Aerospace,Airport Services,Airport Resource Planning ,50,10,,x,,,,x,,,,,,,,,,,,,,,
,,Aerospace,Airport Services,Airport Resource,50,10,,x,,,,x,,,,,,,,,,,,,,,
,,Aerospace,Airport Services,Parking Bay Assignment ,50,10,,x,,,,x,,,,,,,,,,,,,,,
,,Aerospace,Airport Services,Station Operational Performance ,50,10,,x,,,,x,,,,,,,,,,,,,,,
,,Aerospace,Airport Services,Airport Customer Experience - Check-in,50,10,,,x,,,,x,,,,,,,,,,,,,,
,,Aerospace,Airport Services,Airport Customer Experience - Pax Departure/Arrival Control ,50,10,,,,,x,,,,x,,,,,,,,,,,,
,,Aerospace,Airport Services,Airport Customer Experience - Lounge Services,50,10,,,,,x,,,,x,,,,,,,,,,,,
,,Aerospace,Airport Services,Catering ,50,10,,,,,x,,,,x,,,,,,,,,,,,
,,Aerospace,Airport Services,Cabin Appearance ,50,10,,,,x,,,,x,,,,,,,,,,,,,
,,Aerospace,Airport Services,Ramp Services ,50,10,,,,x,,,,x,,,,,,,,,,,,,
,,Aerospace,Airport Services,Baggage Handling ,50,10,,,,x,,,,x,,,,,,,,,,,,,
,,Aerospace,Airport Services,Security Execution ,50,10,,,,,x,,,,x,,,,,,,,,,,,
,,Aerospace,Airport Services,Gate Assignment ,25,10,,,,x,,,,x,,,,,,,,,,,,,
,,Aerospace,Airport Services,Airport Sales,50,10,,,,x,,,,x,,,,,,,,,,,,,
,,Aerospace,Airport Services,Service Recovery ,50,10,,,,x,,,,x,,,,,,,,,,,,,
,,Aerospace,Aircraft Maintenance,Maintenance Strategy ,50,10,,,,x,,,,x,,,,,,,,,,,,,
,,Aerospace,Aircraft Maintenance,Mid-long term Maintenance Scheduling ,50,10,,,,,x,,,,x,,,,,,,,,,,,
,,Aerospace,Aircraft Maintenance,Engineering Configuring ,25,10,,,x,,,,x,,,,,,,,,,,,,,
,,Aerospace,Aircraft Maintenance,Material Forecasting & Planning ,50,10,,,x,,,,x,,,,,,,,,,,,,,
,,Aerospace,Aircraft Maintenance,Maintenance Planning & Scheduling ,50,10,,,x,,,,x,,,,,,,,,,,,,,
,,Aerospace,Aircraft Maintenance,Manpower Planning ,50,10,,x,,,,x,,,,,,,,,,,,,,,
,,Aerospace,Aircraft Maintenance,Technical Publications Managements ,50,10,,x,,,,x,,,,,,,,,,,,,,,
,,Aerospace,Aircraft Maintenance,Material Supply/Demand Planning ,25,10,,x,,,,x,,,,,,,,,,,,,,,
,,Aerospace,Aircraft Maintenance,Ground Support Equipment Management ,50,10,,,x,,,,x,,,,,,,,,,,,,,
,,Aerospace,Aircraft Maintenance,Ground Support Equipment Management ,100,10,,x,,,,x,,,,,,,,,,,,,,,
,,Aerospace,Aircraft Maintenance,Engineering Design ,250,10,,x,,,,x,,,,,,,,,,,,,,,
,,Aerospace,Aircraft Maintenance,Material Logistaics ,50,10,,x,,,,x,,,,,,,,,,,,,,,
,,Aerospace,Aircraft Maintenance,Aircraft Heavy Maintenance,50,10,,x,,,,x,,,,,,,,,,,,,,,
,,Aerospace,Aircraft Maintenance,Aircraft Line Maintenance,25,10,,,x,,,,x,,,,,,,,,,,,,,
,,Aerospace,Aircraft Maintenance,Component Repear & Overhaul,50,10,,,,,x,,,,x,,,,,,,,,,,,
,,Aerospace,Aircraft Maintenance,Engine Repair & Overhaul ,50,10,,,,,x,,,,x,,,,,,,,,,,,
,,Aerospace,Aircraft Maintenance,GSE Repair & Overhaul ,50,10,,,,,x,,,,x,,,,,,,,,,,,
,,Aerospace,Flight Operations,Flight Planning ,50,10,,,,x,,,,x,,,,,,,,,,,,,
,,Aerospace,Flight Operations,Crew Planning ,50,10,,,,x,,,,x,,,,,,,,,,,,,
,,Aerospace,Flight Operations,Irregular Ops Management ,50,10,,,,x,,,,x,,,,,,,,,,,,,
,,Aerospace,Flight Operations,Aircraft Assignment ,50,10,,,,,x,,,,x,,,,,,,,,,,,
,,Aerospace,Flight Operations,Crew Administration ,50,10,,,,x,,,,x,,,,,,,,,,,,,
,,Aerospace,Flight Operations,Flight Training ,50,10,,,,x,,,,x,,,,,,,,,,,,,
,,Aerospace,Flight Operations,Operations Control ,50,10,,,,x,,,,x,,,,,,,,,,,,,
,,Aerospace,Flight Operations,Flight Safety Control ,50,10,,,,x,,,,x,,,,,,,,,,,,,
,,Aerospace,Flight Operations,Flight Execution ,50,10,,,,,x,,,,x,,,,,,,,,,,,
,,Aerospace,Flight Operations,In-flight Services ,50,10,,,x,,,,x,,,,,,,,,,,,,,
,,Aerospace,Flight Operations,Flight Reporting ,50,10,,,x,,,,x,,,,,,,,,,,,,,
,,Aerospace,Flight Operations,Slot Management ,50,10,,,x,,,,x,,,,,,,,,,,,,,
,,Aerospace,Flight Operations,Flight Monitoring ,50,10,,x,,,,x,,,,,,,,,,,,,,,
,,Aerospace,Flight Operations,Training Delivery ,50,10,,x,,,,x,,,,,,,,,,,,,,,
,,Aerospace,Flight Operations,Flight Safety Control ,50,10,,x,,,,x,,,,,,,,,,,,,,,
,,Aerospace,Business Partner Management,Alliance Strategy ,50,10,,,x,,,,x,,,,,,,,,,,,,,
,,Aerospace,Business Partner Management,Partner Development ,50,10,,x,,,,x,,,,,,,,,,,,,,,
,,Aerospace,Business Partner Management,JV & Product Development ,50,10,,x,,,,x,,,,,,,,,,,,,,,
,,Aerospace,Business Partner Management,JETAIR,50,10,,x,,,,x,,,,,,,,,,,,,,,
,,Aerospace,Business Partner Management,Partner Value Tracking ,50,10,,x,,,,x,,,,,,,,,,,,,,,
,,Aerospace,Business Partner Management,Alliance Value Tracking ,50,10,,,x,,,,x,,,,,,,,,,,,,,
,,Aerospace,Business Partner Management,Codeshare Administration ,50,10,,,,,x,,,,x,,,,,,,,,,,,
,,Aerospace,Business Partner Management,Revenue Sharing Administration ,50,10,,,,,x,,,,x,,,,,,,,,,,,
,,Aerospace,Cargo Services,Business Strategy ,50,10,,,,,x,,,,x,,,,,,,,,,,,
,,Aerospace,Cargo Services,Product Dev,50,10,,,,x,,,,x,,,,,,,,,,,,,
,,Aerospace,Cargo Services,Market Tracking ,50,10,,,,x,,,,x,,,,,,,,,,,,,
,,Aerospace,Cargo Services,Sale Execution ,50,10,,,,x,,,,x,,,,,,,,,,,,,
,,Aerospace,Cargo Services,Operation ,50,10,,,,,x,,,,x,,,,,,,,,,,,
,,Aerospace,Cargo Services,Billing & Collectino,50,10,,,,x,,,,x,,,,,,,,,,,,,
,,Aerospace,Cargo Services,Accounting,50,10,,,,x,,,,x,,,,,,,,,,,,,
,,Aerospace,Cargo Services,Customer Service ,50,10,,,,x,,,,x,,,,,,,,,,,,,
,,Aerospace,Cargo Services,Inventory Control ,50,10,,,,x,,,,x,,,,,,,,,,,,,
,,Aerospace,Alt Revenue,Alt Rev Strategy ,50,10,,,,,x,,,,x,,,,,,,,,,,,
,,Aerospace,Alt Revenue,Product Dev,50,10,,,x,,,,x,,,,,,,,,,,,,,
,,Aerospace,Alt Revenue,Pricing Strategy ,50,10,,,x,,,,x,,,,,,,,,,,,,,
,,Aerospace,Alt Revenue,Tracking & Control ,50,10,,,x,,,,x,,,,,,,,,,,,,,
,,Aerospace,Alt Revenue,Business Dev,50,10,,x,,,,x,,,,,,,,,,,,,,,
,,Aerospace,Alt Revenue,Operation ,50,10,,x,,,,x,,,,,,,,,,,,,,,
,,Aerospace,Alt Revenue,Billing & Collection,50,10,,x,,,,x,,,,,,,,,,,,,,,
,,Aerospace,Alt Revenue,Customer Service,50,10,,,x,,,,x,,,,,,,,,,,,,,
,,Life Sciences,Business Development & Planning,Corporate Strategy & Planning,50,10,,x,,,,x,,,,,,,,,,,,,,,
,,Life Sciences,Business Development & Planning,Corporate Citizenship Strategy,50,10,,x,,,,x,,,,,,,,,,,,,,,
,,Life Sciences,Business Development & Planning,Line of Business Planning,50,10,,x,,,,x,,,,,,,,,,,,,,,
,,Life Sciences,Business Development & Planning,Managed External Relationships & Alliances,50,10,,x,,,,x,,,,,,,,,,,,,,,
,,Life Sciences,Business Development & Planning,Business Performance Management,50,10,,,x,,,,x,,,,,,,,,,,,,,
,,Life Sciences,Business Development & Planning,Organizational Process & Design,50,10,,,,,x,,,,x,,,,,,,,,,,,
,,Life Sciences,Business Development & Planning,Compliance Oversight,50,10,,,,,x,,,,x,,,,,,,,,,,,
,,Life Sciences,Business Development & Planning,Licensing,50,10,,,,,x,,,,x,,,,,,,,,,,,
,,Life Sciences,Business Development & Planning,Compliance Audits,50,10,,,,x,,,,x,,,,,,,,,,,,,
,,Life Sciences,Business Development & Planning,Intellectual Property ,50,10,,,,x,,,,x,,,,,,,,,,,,,
,,Life Sciences,Business Development & Planning,External Stakeholder Communications,25,10,,,,x,,,,x,,,,,,,,,,,,,
,,Life Sciences,Research & Development,Research & Development Strategy,50,10,,,,,x,,,,x,,,,,,,,,,,,
,,Life Sciences,Research & Development,R&D Project Portfolio Planning,50,10,,,,x,,,,x,,,,,,,,,,,,,
,,Life Sciences,Research & Development,Research Project Project Management ,50,10,,,,x,,,,x,,,,,,,,,,,,,
,,Life Sciences,Research & Development,Manage R&D Operations,50,10,,,,x,,,,x,,,,,,,,,,,,,
,,Life Sciences,Research & Development,Monitor Regulatory Operations,25,10,,,,x,,,,x,,,,,,,,,,,,,
,,Life Sciences,Research & Development,Product Life-cycle Management ,50,10,,,,,x,,,,x,,,,,,,,,,,,
,,Life Sciences,Research & Development,Basic Research ,50,10,,,,,,,,,,,,,,,,,,,,,
,,Life Sciences,Research & Development,Drug Discvoery,50,10,,,x,,,,x,,,,,,,,,,,,,,
,,Life Sciences,Research & Development,Drug Development & Regulatory,50,10,,,x,,,,x,,,,,,,,,,,,,,
,,Life Sciences,Research & Development,Project Management,25,10,,,x,,,,x,,,,,,,,,,,,,,
,,Life Sciences,Research & Development,Product Launch,25,10,,x,,,,x,,,,,,,,,,,,,,,
,,Life Sciences,Channel Management,TA/Product/Brand Strategy,25,10,,x,,,,x,,,,,,,,,,,,,,,
,,Life Sciences,Channel Management,Channel Strategy,50,10,,x,,,,x,,,,,,,,,,,,,,,
,,Life Sciences,Channel Management,Pricing Strategy,50,10,,,x,,,,x,,,,,,,,,,,,,,
,,Life Sciences,Channel Management,Contract Strategy,50,10,,x,,,,x,,,,,,,,,,,,,,,
,,Life Sciences,Channel Management,Sales Planning,50,10,,x,,,,x,,,,,,,,,,,,,,,
,,Life Sciences,Channel Management,Account Planning,25,10,,x,,,,x,,,,,,,,,,,,,,,
,,Life Sciences,Channel Management,Channel Mangement ,50,10,,x,,,,x,,,,,,,,,,,,,,,
,,Life Sciences,Channel Management,Contract Management,50,10,,,x,,,,x,,,,,,,,,,,,,,
,,Life Sciences,Channel Management,Sales Force Management,50,10,,,x,,,,x,,,,,,,,,,,,,,
,,Life Sciences,Channel Management,Product/Brand Management,50,10,,,x,,,,x,,,,,,,,,,,,,,
,,Life Sciences,Channel Management,Product life-cycle Management,50,10,,,x,,,,x,,,,,,,,,,,,,,
,,Life Sciences,Channel Management,Contracts Admin & Settlement,50,10,,x,,,,x,,,,,,,,,,,,,,,
,,Life Sciences,Channel Management,Market & Compeititve Research ,50,10,,x,,,,x,,,,,,,,,,,,,,,
,,Life Sciences,Channel Management,Customer Service,25,10,,x,,,,x,,,,,,,,,,,,,,,
,,Life Sciences,Channel Management,Product Launch,25,10,,,x,,,,x,,,,,,,,,,,,,,
,,Life Sciences,Manufacturing,Manufacturing Strategy,50,10,,x,,,,x,,,,,,,,,,,,,,,
,,Life Sciences,Manufacturing,Supplier Relationship Management,50,10,,x,,,,x,,,,,,,,,,,,,,,
,,Life Sciences,Manufacturing,Production & Material Planning,50,10,,x,,,,x,,,,,,,,,,,,,,,
,,Life Sciences,Manufacturing,Manufacturing Oversight,50,10,,x,,,,x,,,,,,,,,,,,,,,
,,Life Sciences,Manufacturing,Regulatory/Validation/Compliance,50,10,,,x,,,,x,,,,,,,,,,,,,,
,,Life Sciences,Manufacturing,Make & Package Products,50,10,,,,,x,,,,x,,,,,,,,,,,,
,,Life Sciences,Manufacturing,Plant Inventory Management,25,10,,,,,x,,,,x,,,,,,,,,,,,
,,Life Sciences,Manufacturing,Manufacturing Procurement,50,10,,,,,x,,,,x,,,,,,,,,,,,
,,Life Sciences,Manufacturing,Product Launch,50,10,,,,x,,,,x,,,,,,,,,,,,,
,,Life Sciences,Supply Chain & Distribution,Supply Chain Strategy and Planning,50,10,,,,x,,,,x,,,,,,,,,,,,,
,,Life Sciences,Supply Chain & Distribution,Whoesaler Strategy,50,10,,,,x,,,,x,,,,,,,,,,,,,
,,Life Sciences,Supply Chain & Distribution,Distribution Oversight,50,10,,,,,x,,,,x,,,,,,,,,,,,
,,Life Sciences,Supply Chain & Distribution,Logistics,50,10,,,,x,,,,x,,,,,,,,,,,,,
,,Life Sciences,Supply Chain & Distribution,Manage Wholesaler Agreements,50,10,,,,x,,,,x,,,,,,,,,,,,,
,,Life Sciences,Supply Chain & Distribution,Order Processing,50,10,,,,x,,,,x,,,,,,,,,,,,,
,,Life Sciences,Supply Chain & Distribution,Inventory Maintenance,50,10,,,,x,,,,x,,,,,,,,,,,,,
,,Life Sciences,Supply Chain & Distribution,Lot Tracking/Documentation,50,10,,,,,x,,,,x,,,,,,,,,,,,
,,Life Sciences,Patient Relationship,Patient Relationship Management Strategy,50,10,,,x,,,,x,,,,,,,,,,,,,,
,,Life Sciences,Patient Relationship,Information Based Medicine,50,10,,,x,,,,x,,,,,,,,,,,,,,
,,Life Sciences,Patient Relationship,Manage Patient Information,50,10,,,x,,,,x,,,,,,,,,,,,,,
,,Life Sciences,Patient Relationship,Manage Outcomes Research,50,10,,x,,,,x,,,,,,,,,,,,,,,
,,Life Sciences,Patient Relationship,Consumer Marketing Management,50,10,,x,,,,x,,,,,,,,,,,,,,,
,,Life Sciences,Patient Relationship,Patient Relationship/Services Management,50,10,,x,,,,x,,,,,,,,,,,,,,,
,,Life Sciences,Patient Relationship,Market Research,50,10,,,x,,,,x,,,,,,,,,,,,,,
,,Life Sciences,Patient Relationship,Direct to Consumer Advertising,50,10,,x,,,,x,,,,,,,,,,,,,,,
,,Life Sciences,Business Administration,Human Resources Planning,50,10,,x,,,,x,,,,,,,,,,,,,,,
,,Life Sciences,Business Administration,Information Systems Planning,50,10,,x,,,,x,,,,,,,,,,,,,,,
,,Life Sciences,Business Administration,Financial Management & Control,50,10,,x,,,,x,,,,,,,,,,,,,,,
,,Life Sciences,Business Administration,Legal Oversight,50,10,,,x,,,,x,,,,,,,,,,,,,,
,,Life Sciences,Business Administration,Quality Management,50,10,,,,,x,,,,x,,,,,,,,,,,,
,,Life Sciences,Business Administration,HR Administration ,50,10,,,,,x,,,,x,,,,,,,,,,,,
,,Life Sciences,Business Administration,IT Systems & Operations,25,10,,,,,x,,,,x,,,,,,,,,,,,
,,Life Sciences,Business Administration,Accounting,50,10,,,,x,,,,x,,,,,,,,,,,,,
,,Life Sciences,Business Administration,Facilities & Equiptment Mangement,50,10,,,,x,,,,x,,,,,,,,,,,,,
,,Utilities Energy Distribution,Energy ,Strategically Production,50,10,,,,x,,,,x,,,,,,,,,,,,,
,,Utilities Energy Distribution,Energy ,Power-plant Building Strategy ,50,10,,,,,x,,,,x,,,,,,,,,,,,
,,Utilities Energy Distribution,Energy ,Maintenance Strategy,50,10,,,,x,,,,x,,,,,,,,,,,,,
,,Utilities Energy Distribution,Energy ,Energy Portfolio,50,10,,,,x,,,,x,,,,,,,,,,,,,
,,Utilities Energy Distribution,Energy ,Power Plant Operations Planning ,50,10,,,,x,,,,x,,,,,,,,,,,,,
,,Utilities Energy Distribution,Energy ,Power Plant Revision Planning ,50,10,,,,x,,,,x,,,,,,,,,,,,,
,,Utilities Energy Distribution,Energy ,Call-Out Charge and Production Cost Planning ,50,10,,,,,x,,,,x,,,,,,,,,,,,
,,Utilities Energy Distribution,Energy ,Documentation & Planning ,50,10,,,x,,,,x,,,,,,,,,,,,,,
,,Utilities Energy Distribution,Energy ,Power-Plant Maintenance ,50,10,,,x,,,,x,,,,,,,,,,,,,,
,,Utilities Energy Distribution,Energy ,Power-Plant Working Process KWF,50,10,,,x,,,,x,,,,,,,,,,,,,,
,,Utilities Energy Distribution,Energy ,Working Process MVA,25,10,,x,,,,x,,,,,,,,,,,,,,,
,,Utilities Energy Distribution,Long Distance Heating ,Strategically Production,50,10,,x,,,,x,,,,,,,,,,,,,,,
,,Utilities Energy Distribution,Long Distance Heating ,Power-plant Building Strategy ,50,10,,x,,,,x,,,,,,,,,,,,,,,
,,Utilities Energy Distribution,Long Distance Heating ,Maintenance Strategy,50,10,,,x,,,,x,,,,,,,,,,,,,,
,,Utilities Energy Distribution,Long Distance Heating ,Power Plant Operations Planning ,50,10,,x,,,,x,,,,,,,,,,,,,,,
,,Utilities Energy Distribution,Long Distance Heating ,Power Plant Revision Planning ,25,10,,x,,,,x,,,,,,,,,,,,,,,
,,Utilities Energy Distribution,Long Distance Heating ,Call-Out Charge and Production Cost Planning ,50,10,,x,,,,x,,,,,,,,,,,,,,,
,,Utilities Energy Distribution,Long Distance Heating ,Documentation & Planning ,50,10,,x,,,,x,,,,,,,,,,,,,,,
,,Utilities Energy Distribution,Long Distance Heating ,Power-Plant Maintenance ,50,10,,,x,,,,x,,,,,,,,,,,,,,
,,Utilities Energy Distribution,Long Distance Heating ,Power-Plant Working Process KWF,50,10,,,,,x,,,,x,,,,,,,,,,,,
,,Utilities Energy Distribution,Long Distance Heating ,Working Process MVA,25,10,,,,,x,,,,x,,,,,,,,,,,,
,,Utilities Energy Distribution,Long Distance Heating ,Efficiency Controlling ,25,10,,,,,x,,,,x,,,,,,,,,,,,
,,Utilities Energy Distribution,Gas,Strateically Gas Processing,25,10,,,x,,,,x,,,,,,,,,,,,,,
,,Utilities Energy Distribution,Gas,Power-plant Building Strategy ,50,10,,,,,x,,,,x,,,,,,,,,,,,
,,Utilities Energy Distribution,Gas,Maintenance Strategy,50,10,,,,,x,,,,x,,,,,,,,,,,,
,,Utilities Energy Distribution,Gas,Power Plant Operations Planning ,50,10,,,,,x,,,,x,,,,,,,,,,,,
,,Utilities Energy Distribution,Gas,Power Plant Revision Planning ,50,10,,,,x,,,,x,,,,,,,,,,,,,
,,Utilities Energy Distribution,Gas,Call-Out Charge and Production Cost Planning ,25,10,,,,x,,,,x,,,,,,,,,,,,,
,,Utilities Energy Distribution,Gas,Documentation & Planning ,50,10,,,,x,,,,x,,,,,,,,,,,,,
,,Utilities Energy Distribution,Gas,Power-Plant Maintenance ,50,10,,,,,x,,,,x,,,,,,,,,,,,
,,Utilities Energy Distribution,Gas,Power-Plant Working Process KWF,50,10,,,,x,,,,x,,,,,,,,,,,,,
,,Utilities Energy Distribution,Water,Strategically Preparation of Water,50,10,,,,x,,,,x,,,,,,,,,,,,,
,,Utilities Energy Distribution,Water,Power-plant Building Strategy ,50,10,,,,x,,,,x,,,,,,,,,,,,,
,,Utilities Energy Distribution,Water,Maintenance Strategy,50,10,,,,x,,,,x,,,,,,,,,,,,,
,,Utilities Energy Distribution,Water,Power Plant Operations Planning ,50,10,,,,,x,,,,x,,,,,,,,,,,,
,,Utilities Energy Distribution,Water,Power Plant Revision Planning ,25,10,,,x,,,,x,,,,,,,,,,,,,,
,,Utilities Energy Distribution,Water,Call-Out Charge and Production Cost Planning ,25,10,,,x,,,,x,,,,,,,,,,,,,,
,,Utilities Energy Distribution,Water,Documentation & Planning ,50,10,,,x,,,,x,,,,,,,,,,,,,,
,,Utilities Energy Distribution,Water,Quality Assurance ,50,10,,x,,,,x,,,,,,,,,,,,,,,
,,Utilities Energy Distribution,Water,Waterworks Working Process,50,10,,x,,,,x,,,,,,,,,,,,,,,
,,Utilities Energy Distribution,Energy,Trading Strategy ,50,10,,x,,,,x,,,,,,,,,,,,,,,
,,Utilities Energy Distribution,Energy,Management of the Energy Portfolio,50,10,,,x,,,,x,,,,,,,,,,,,,,
,,Utilities Energy Distribution,Energy,Trade Planning & Controlling ,50,10,,x,,,,x,,,,,,,,,,,,,,,
,,Utilities Energy Distribution,Energy,Cost-Proceed-Planning ,25,10,,x,,,,x,,,,,,,,,,,,,,,
,,Utilities Energy Distribution,Energy,Market Control/Analysis,50,10,,x,,,,x,,,,,,,,,,,,,,,
,,Utilities Energy Distribution,Energy,Contract Management ,50,10,,x,,,,x,,,,,,,,,,,,,,,
,,Utilities Energy Distribution,Gas,Trading Strategy ,50,10,,,x,,,,x,,,,,,,,,,,,,,
,,Utilities Energy Distribution,Gas,Management of the Energy Portfolio,50,10,,,,,x,,,,x,,,,,,,,,,,,
,,Utilities Energy Distribution,Gas,Trade Planning & Controlling ,50,10,,,,,x,,,,x,,,,,,,,,,,,
,,Utilities Energy Distribution,Gas,Cost-Proceed-Planning ,50,10,,,,,x,,,,x,,,,,,,,,,,,
,,Utilities Energy Distribution,Gas,Market Control/Analysis,50,10,,,,x,,,,x,,,,,,,,,,,,,
,,Utilities Energy Distribution,Gas,Contract Management ,90,57,,,,x,,,,x,,,,,,,,,,,,,
,,Utilities Energy Distribution,Gas,Procurement/Trade,50,10,,,,x,,,,x,,,,,,,,,,,,,
,,Utilities Energy Distribution,Gas,Schedule Management ,50,10,,,,,x,,,,x,,,,,,,,,,,,
,,Utilities Energy Distribution,Gas,Charge Prognoses,50,10,,,,x,,,,x,,,,,,,,,,,,,
,,Utilities Energy Distribution,Emission,Trading Strategy ,50,10,,,,x,,,,x,,,,,,,,,,,,,
,,Utilities Energy Distribution,Emission,Management of the Energy Portfolio,50,10,,,,x,,,,x,,,,,,,,,,,,,
,,Utilities Energy Distribution,Emission,Trade Planning & Controlling ,194,80,,,,x,,,,x,,,,,,,,,,,,,
,,Utilities Energy Distribution,Emission,Cost-Proceed-Planning ,50,10,,,,,x,,,,x,,,,,,,,,,,,
,,Utilities Energy Distribution,Emission,Market Control/Analysis,50,10,,,x,,,,x,,,,,,,,,,,,,,
,,Utilities Energy Distribution,Emission,Contract Management ,50,10,,,x,,,,x,,,,,,,,,,,,,,
,,Utilities Energy Distribution,Emission,Procurement/Trade,50,10,,,x,,,,x,,,,,,,,,,,,,,
,,Utilities Energy Distribution,Emission,Schedule Management ,50,10,,x,,,,x,,,,,,,,,,,,,,,
,,Utilities Energy Distribution,Emission,Charge Prognoses,50,10,,x,,,,x,,,,,,,,,,,,,,,
,,Utilities Energy Distribution,Emission,Accounting Grid Management ,50,10,,x,,,,x,,,,,,,,,,,,,,,
,,Utilities Energy Distribution,Marketing,Marketing Strategy ,50,10,,,x,,,,x,,,,,,,,,,,,,,
,,Utilities Energy Distribution,Marketing,Product Development Strategy ,50,10,,x,,,,x,,,,,,,,,,,,,,,
,,Utilities Energy Distribution,Marketing,Brand Strategy ,50,10,,x,,,,x,,,,,,,,,,,,,,,
,,Utilities Energy Distribution,Marketing,Product Management ,25,10,,x,,,,x,,,,,,,,,,,,,,,
,,Utilities Energy Distribution,Marketing,Monitoring of the Market,100,25,,x,,,,x,,,,,,,,,,,,,,,
,,Utilities Energy Distribution,Marketing,Client Analyses ,50,10,,,x,,,,x,,,,,,,,,,,,,,
,,Utilities Energy Distribution,Marketing,Marketing Arrangments,50,10,,,,,x,,,,x,,,,,,,,,,,,
,,Utilities Energy Distribution,Sales and Distribution,Sales Strategy ,50,10,,,,,x,,,,x,,,,,,,,,,,,
,,Utilities Energy Distribution,Sales and Distribution,Customer Acquisition/Retention,25,10,,,,,x,,,,x,,,,,,,,,,,,
,,Utilities Energy Distribution,Sales and Distribution,Planning of the Marketing Strategy & Controlling ,300,125,,,,x,,,,x,,,,,,,,,,,,,
,,Utilities Energy Distribution,Sales and Distribution,Client Management Outbound,50,10,,,,x,,,,x,,,,,,,,,,,,,
,,Utilities Energy Distribution,Sales and Distribution,Pricing,50,10,,,,x,,,,x,,,,,,,,,,,,,
,,Utilities Energy Distribution,Contracting Counting,Distribution Strategy Contracting-Assets,50,10,,,,,x,,,,x,,,,,,,,,,,,
,,Utilities Energy Distribution,Contracting Counting,Energy Data Acquisition & Counter Standards,25,10,,,,x,,,,x,,,,,,,,,,,,,
,,Utilities Energy Distribution,Contracting Counting,Planning of Contracting Plant Construction ,50,10,,,,x,,,,x,,,,,,,,,,,,,
,,Utilities Energy Distribution,Client Management ,Client Management Strategy,50,10,,,,x,,,,x,,,,,,,,,,,,,
,,Utilities Energy Distribution,Client Management ,Complaint Strategy ,50,10,,,,x,,,,x,,,,,,,,,,,,,
,,Utilities Energy Distribution,Client Management ,Complaint Management Strategy ,50,10,,,,,x,,,,x,,,,,,,,,,,,
,,Utilities Energy Distribution,Client Management ,Planning & Controlling of Client Management ,50,10,,,,,,,,,,,,,,,,,,,,,
,,Utilities Energy Distribution,Client Management ,Planning,50,10,,,x,,,,x,,,,,,,,,,,,,,
,,Utilities Energy Distribution,Client Management ,Human Resource Planning ,50,10,,,x,,,,x,,,,,,,,,,,,,,
,,Utilities Energy Distribution,Client Management ,Customer Relationship Management (Back-Office),50,10,,,x,,,,x,,,,,,,,,,,,,,
,,Utilities Energy Distribution,Client Management ,Dunning Letters,50,10,,x,,,,x,,,,,,,,,,,,,,,
,,Utilities Energy Distribution,Client Management ,Energy Grid Utilization Management ,50,10,,x,,,,x,,,,,,,,,,,,,,,
,,Utilities Energy Distribution,Client Management ,Complaint Processing ,50,10,,x,,,,x,,,,,,,,,,,,,,,
,,Utilities Energy Distribution,Client Management ,Business Partner Management ,50,10,,,x,,,,x,,,,,,,,,,,,,,
